hhid,pid,relationship,age,sex
H001,1,1,50,2
H001,2,4,37,2
H002,1,1,32,1
H003,1,1,46,1
H003,2,2,49,2
H003,3,4,88,2
H004,1,1,35,1
H004,2,2,42,2
H004,3,2,25,1
H004,4,2,26,1
H005,1,1,56,2
H005,2,2,60,1
H005,3,3,0,1
H005,4,2,49,2
H006,1,1,62,2
H006,2,2,60,1
H006,3,2,68,1
H007,1,1,33,1
H008,1,1,69,1
H008,2,2,69,2
H009,1,1,49,1
H009,2,3,29,1
H009,3,3,31,1
H010,1,1,48,1
H010,2,2,45,1
H010,3,3,2,1
H010,4,3,9,1
H011,1,1,33,1
H011,2,3,9,1
H012,1,1,27,1
H012,2,2,19,2
H012,3,4,17,2
H013,1,1,40,2
H013,2,2,37,1
H013,3,2,35,2
H013,4,3,20,1
H013,5,3,7,1
H014,1,1,38,2
H014,2,4,43,2
H014,3,4,34,2
H014,4,3,16,2
H015,1,1,44,2
H015,2,3,17,1
H015,3,3,6,2
H015,4,3,18,2
H015,5,2,40,2
H016,1,1,51,1
H016,2,4,76,1
H016,3,4,40,1
H016,4,3,20,1
H016,5,4,37,1
H017,1,1,51,1
H017,2,3,8,1
H017,3,3,18,1
H017,4,4,17,1
H018,1,1,58,1
H018,2,3,15,1
H019,1,1,50,1
H019,2,4,9,2
H019,3,4,23,2
H019,4,3,32,2
H019,5,2,48,1
H020,1,1,43,2
H020,2,3,11,1
H020,3,2,44,2
H020,4,3,9,1
H021,1,1,44,2
H021,2,2,52,2
H021,3,3,5,2
H022,1,1,53,2
H022,2,3,10,2
H023,1,1,66,2
H023,2,3,29,2
H023,3,2,65,2
H023,4,3,17,2
H024,1,1,42,1
H024,2,4,39,1
H024,3,3,7,2
H024,4,3,14,2
H025,1,1,30,1
H025,2,3,9,1
H025,3,3,6,2
H026,1,1,59,1
H026,2,2,51,2
H026,3,4,7,1
H026,4,2,51,1
H027,1,1,25,2
H027,2,2,29,1
H028,1,1,36,2
H028,2,4,14,2
H028,3,4,75,1
H028,4,2,38,1
H029,1,1,29,1
H029,2,3,2,2
H029,3,4,53,2
H030,1,1,38,2
H030,2,3,4,2
H030,3,2,45,1
H030,4,4,53,1
H031,1,1,49,1
H032,1,1,62,2
H032,2,3,41,2
H032,3,4,68,1
H032,4,4,31,1
H032,5,3,12,1
H033,1,1,51,1
H034,1,1,33,1
H034,2,3,13,2
H034,3,3,9,2
H035,1,1,63,2
H035,2,4,57,2
H035,3,4,52,2
H035,4,2,70,2
H035,5,3,32,2
H036,1,1,50,2
H036,2,2,54,2
H036,3,3,19,1
H037,1,1,68,2
H037,2,4,41,1
H038,1,1,22,1
H038,2,2,23,1
H039,1,1,67,1
H039,2,3,47,1
H039,3,2,71,2
H039,4,4,15,2
H040,1,1,25,2
H040,2,4,61,1
