region,sex,age,educ,lfs_status,income
R01,2,68,2,3,
R01,2,38,2,1,550
R02,2,23,0,3,
R01,1,70,3,3,
R02,2,19,3,3,
R03,1,62,0,3,
R01,1,17,1,1,550
R02,1,38,2,1,1475
R01,1,41,2,3,
R03,1,30,2,1,1025
R02,1,67,1,3,
R03,2,55,3,1,1000
R01,1,78,0,1,425
R03,1,55,2,2,
R01,1,59,2,1,1400
R02,1,28,1,3,
R01,2,62,1,1,550
R03,1,67,3,1,2475
R01,2,77,2,3,
R01,1,23,1,1,775
R01,2,21,3,3,
R01,2,46,1,1,475
R01,1,76,0,1,425
R03,2,18,3,3,
R02,1,62,2,1,1225
R02,2,32,2,1,1225
R01,2,31,3,1,1900
R03,1,68,1,3,
R01,1,33,0,1,225
R02,1,24,3,2,
R01,2,56,1,3,
R03,1,38,1,1,750
R03,1,79,3,3,
R01,2,74,3,3,
R03,1,44,1,3,
R02,1,46,1,1,875
R02,2,27,2,1,1075
R02,2,52,2,2,
R03,1,23,2,1,825
R01,2,68,0,1,200
R02,1,71,1,3,
R02,1,43,0,2,
R01,1,50,2,3,
R03,2,73,2,3,
R02,2,44,2,3,
R01,1,76,1,3,
R03,1,72,2,3,
R03,2,46,1,2,
R02,2,15,1,1,750
R03,1,26,2,1,925
R02,2,28,3,1,1650
R03,2,62,2,3,
R02,1,18,1,1,825
R01,1,45,2,1,1025
R02,2,66,1,3,
R02,1,64,2,1,1625
R01,1,59,2,3,
R03,2,17,0,3,
R02,2,72,1,1,575
R01,2,39,1,3,
R02,1,32,2,3,
R02,1,54,1,1,650
R01,2,17,2,1,925
R03,1,34,0,3,
R03,2,75,2,3,
R01,2,34,1,1,625
R01,1,38,2,2,
R01,2,49,1,1,600
R02,2,35,0,1,300
R02,2,40,2,3,
R03,2,25,1,1,550
R03,2,37,0,1,325
R02,1,50,2,1,1425
R03,1,54,1,3,
R03,2,16,3,1,1375
R01,2,35,1,3,
R03,2,41,1,2,
R02,2,61,3,1,1925
R02,2,31,3,3,
R03,1,41,2,1,1175
R02,2,30,1,3,
R03,2,78,2,3,
R02,1,70,2,3,
R02,2,20,2,2,
R01,2,71,2,3,
R03,1,35,1,1,350
R03,2,73,1,3,
R03,2,22,0,3,
R01,2,57,1,1,625
R03,1,47,2,1,875
R02,1,40,2,1,1500
R03,2,46,2,1,1300
R02,1,52,2,1,750
R03,2,42,0,3,
R03,2,16,1,1,325
R03,2,22,0,3,
R03,1,44,2,1,1150
R03,2,70,2,3,
R02,1,59,1,1,725
R03,1,71,2,1,1275
R02,1,26,1,1,350
R02,2,57,1,3,
R02,1,40,1,2,
R01,1,29,1,2,
R03,2,30,2,1,1175
R03,1,25,2,1,1200
R01,1,70,2,3,
R03,1,66,1,3,
R03,2,68,0,3,
R02,2,38,0,3,
R02,2,48,2,1,850
R03,2,48,1,3,
R01,1,51,2,1,1475
R01,1,54,1,1,725
R02,1,21,1,3,
R02,1,75,1,3,
R03,1,20,1,1,525
R01,1,69,2,1,850
R01,2,16,2,1,1125
R02,1,60,2,1,900
R03,1,62,1,1,850
R03,1,51,2,3,
R03,1,22,1,3,
R02,2,36,2,1,1050
R02,1,44,2,3,
R01,2,39,1,3,
R03,1,36,2,1,1300
R02,1,64,0,3,
R01,1,73,0,3,
R01,2,29,1,3,
R03,2,52,1,1,675
R01,2,59,0,1,425
R02,2,55,3,1,1525
R03,2,60,1,1,350
R01,1,58,0,3,
R03,1,79,0,3,
R01,2,44,2,3,
R03,1,40,0,3,
R02,2,47,1,3,
R02,2,20,1,1,450
R02,1,25,2,3,
R02,2,38,1,3,
R01,2,77,0,3,
R02,1,30,2,1,1425
R02,1,15,2,1,1600
R02,1,67,1,3,
R02,2,77,2,1,800
R01,2,23,3,1,2425
R03,2,48,2,1,1200
R02,1,25,2,3,
R02,2,75,1,3,
R03,2,50,2,3,
R02,2,76,2,3,
R03,2,41,2,3,
R03,1,27,3,1,2625
R02,2,49,1,1,725
R03,1,52,2,1,1650
R01,1,79,3,3,
R01,2,68,3,3,
R02,2,38,1,1,450
R02,2,40,3,3,
R02,2,77,1,3,
R01,1,61,1,3,
R03,2,22,1,1,750
R01,1,57,2,3,
R01,1,55,2,3,
R03,1,19,3,3,
R02,1,36,3,1,1650
R01,1,33,1,1,725
R02,1,66,2,3,
R01,1,37,0,3,
R01,1,63,2,1,1025
R03,2,49,0,3,
R02,1,47,0,1,250
R01,2,65,1,3,
R02,2,22,1,3,
R01,2,45,1,1,700
R02,1,70,1,3,
R01,2,61,2,1,1275
R03,2,18,3,1,1400
R03,1,78,3,3,
R02,2,64,1,1,700
R01,1,24,1,2,
R03,2,77,0,3,
R01,1,66,3,3,
R02,1,68,2,3,
R01,1,36,2,1,975
R02,1,29,3,1,1275
R03,2,19,2,3,
R01,2,64,1,1,800
R03,2,18,0,3,
R01,2,64,1,3,
R03,1,49,2,3,
R02,2,54,1,1,775
R01,1,48,2,1,1250
R01,1,25,1,3,
R01,2,63,1,3,
R02,1,77,3,3,
R02,1,58,1,1,625
R03,2,36,0,1,475
R01,1,38,1,1,725
R03,1,76,3,3,
R01,1,61,3,1,2700
R01,2,51,1,3,
R02,2,64,1,3,
R03,1,58,3,1,2550
R01,2,67,1,3,
R02,1,16,2,1,650
R02,1,78,2,3,
R03,1,70,1,3,
R01,1,58,1,3,
R03,2,55,1,3,
R02,1,48,1,1,725
R01,2,57,1,3,
R02,1,70,1,3,
R01,1,46,2,1,1250
R02,1,24,1,1,600
R03,2,75,1,3,
R01,2,54,2,3,
R03,1,56,1,2,
R02,1,37,2,1,925
R01,1,24,0,1,450
R02,1,65,1,3,
R02,1,25,2,2,
R02,1,32,1,1,675
R01,1,22,2,2,
R02,1,40,1,2,
R03,1,53,1,1,575
R03,2,72,1,3,
R01,2,43,3,1,2400
R03,2,24,1,3,
R03,2,64,2,3,
R01,1,54,1,1,600
R01,2,16,2,1,1025
R02,1,33,2,1,1075
R01,1,59,0,1,275
R02,2,30,1,3,
R01,1,19,3,1,1900
R02,2,50,3,3,
R01,2,44,2,2,
R02,1,76,1,3,
R01,2,34,1,1,625
R02,2,39,1,1,525
R01,1,26,3,1,1775
R02,1,53,2,1,825
R03,1,23,1,2,
R03,2,20,3,3,
R03,2,30,2,1,1400
R02,1,60,2,2,
R02,1,70,0,3,
R01,2,40,1,1,400
R01,1,32,0,1,475
R01,2,79,1,1,575
R01,2,25,1,1,475
R01,2,37,0,1,200
R03,1,31,0,3,
R01,2,49,1,3,
R03,1,46,2,1,950
R02,1,62,0,3,
R03,2,74,1,3,
R02,1,56,1,3,
R02,2,51,1,1,425
R01,1,24,0,3,
R02,2,66,2,3,
R02,1,34,3,2,
R03,1,26,2,1,875
R03,1,19,2,1,1400
R02,1,46,1,3,
R01,1,23,1,2,
R01,1,34,3,1,2900
R02,1,25,2,1,1075
R02,1,29,1,3,
R01,2,53,2,2,
R01,1,23,0,3,
R02,2,75,1,3,
R03,2,58,1,2,
R03,2,20,3,3,
R01,2,25,2,1,900
R03,1,26,3,3,
R01,2,78,1,3,
R03,1,38,0,3,
R01,2,38,0,3,
R02,2,68,1,1,350
R03,2,26,3,3,
R01,2,58,2,1,1275
R01,1,18,1,2,
R02,1,29,1,1,750
R02,1,37,1,3,
R01,1,51,1,3,
R01,1,75,2,3,
R02,1,32,2,1,700
R01,2,43,0,2,
R01,1,64,2,2,
R01,2,63,2,3,
R01,1,23,2,1,1625
R02,2,36,1,3,
R01,1,71,1,3,
R01,2,79,3,3,
R03,1,33,2,3,
R03,2,29,3,3,
