hhid,pid,region,urban,sex,age,relationship,educ,lfs_status,occupation,industry,hours,income,informal,jobsearch,q17b,hours_main,weight
H0001,1,R01,1,2,71,1,-9,2,,,,,,2,,,948.5
H0001,2,R01,1,1,23,2,3,1,21,1,12,2350,1,,,12,412.1
H0001,3,R02,1,1,30,2,-9,2,,,,,,2,,,961.2
H0001,4,R01,1,1,63,2,5,1,61,47,59,2975,1,,,54,668.5
H0001,5,R01,1,2,37,4,0,1,-9,1,34,1500,2,,,24,591.0
H0002,1,R01,1,1,42,1,0,2,,,,,,1,2,,253.1
H0002,2,R02,1,1,62,3,5,3,,,,,,2,,,691.5
H0002,3,R02,2,1,49,2,3,2,,,,,,1,1,,437.1
H0002,4,R01,1,1,50,2,0,1,21,85,40,1950,1,,,40,198.9
H0003,1,R02,1,2,47,1,4,2,,,,,,1,5,,403.0
H0003,2,R01,1,1,19,3,1,3,,,,,,2,,,1018.1
H0003,3,R02,2,2,49,4,4,1,61,1,20,750,2,,,15,814.5
H0003,4,R02,1,2,8,3,1,,,,,,,,,,439.1
H0004,1,R01,2,2,2,1,,,,,,,,,,,723.8
H0004,2,R02,2,1,7,2,1,,,,,,,,,,292.5
H0004,3,R01,1,2,17,4,2,3,,,,,,2,,,1290.5
H0005,1,R01,1,2,4,1,,,,,,,,,,,262.1
H0005,2,R02,1,2,39,3,1,1,11,85,54,2350,1,,,49,1279.0
H0005,3,R01,2,2,53,2,-9,2,,,,,,-9,,,890.9
H0005,4,R02,1,1,77,2,0,1,-9,1,39,1225,2,,,29,558.5
H0006,1,R01,1,1,61,1,0,1,-9,1,70,,2,,,65,1099.6
H0006,2,R01,2,1,43,4,3,1,52,85,39,625,1,,,29,346.1
H0007,1,R02,2,2,44,1,-9,1,-9,1,42,2625,2,,,32,570.8
H0007,2,R01,2,2,4,3,,,,,,,,,,,557.0
H0007,3,R02,1,2,72,2,5,1,61,85,31,75,1,,,31,1349.3
H0007,4,R01,1,2,25,3,-9,2,,,,,,2,,,832.5
H0007,5,R01,2,2,4,3,,,,,,,,,,,838.4
H0008,1,R02,2,1,50,1,-9,1,11,85,56,,2,,,51,300.7
H0008,2,R02,2,1,15,3,1,2,,,,,,1,3,,605.2
H0008,3,R02,2,2,10,2,3,,,,,,,,,,774.7
H0009,1,R02,1,1,27,1,-9,1,61,1,29,2175,1,,,19,716.1
H0009,2,R02,2,2,71,3,-9,3,,,,,,2,,,1344.8
H0010,1,R01,1,2,38,1,-9,1,92,-8,41,1300,1,,,31,843.7
H0010,2,R02,2,1,72,2,3,1,-9,10,15,1450,2,,,15,594.4
H0010,3,R01,1,2,60,3,0,1,61,-8,10,,1,,,10,572.9
H0011,1,R01,2,1,31,1,4,2,,,,,,1,4,,1035.7
H0011,2,R01,1,1,55,2,3,2,,,,,,-9,,,826.1
H0011,3,R01,1,2,69,3,1,1,21,47,47,,1,,,47,653.2
H0011,4,R02,1,1,55,4,4,1,21,85,9,2900,2,,,9,768.1
H0012,1,R02,1,1,4,1,,,,,,,,,,,405.1
H0012,2,R02,2,2,26,3,-9,1,52,1,14,2175,2,,,4,436.3
