timestamp,dataset_id,action,ip_hash,user_agent,status
2026-09-01T08:12:03Z,EX-HBS-2021,view,a1f3,Mozilla/5.0 (Windows NT 10.0) Chrome/128,200
2026-09-01T08:12:41Z,EX-HBS-2021,download,a1f3,Mozilla/5.0 (Windows NT 10.0) Chrome/128,200
2026-09-01T08:12:52Z,EX-HBS-2021,download,a1f3,Mozilla/5.0 (Windows NT 10.0) Chrome/128,200
2026-09-01T09:03:10Z,EX-HBS-2021,view,b7c2,Mozilla/5.0 (Macintosh) Safari/17,200
2026-09-01T09:40:00Z,FS_UNDERNOURISH_PCT,api,c9d4,python-requests/2.32,200
2026-09-01T09:40:02Z,FS_UNDERNOURISH_PCT,api,c9d4,python-requests/2.32,200
2026-09-01T09:41:30Z,FS_UNDERNOURISH_PCT,api,c9d4,python-requests/2.32,200
2026-09-01T10:15:22Z,LF_UNEMP_PCT,view,d2e8,Mozilla/5.0 (Linux; Android 14) Chrome/128,200
2026-09-01T10:16:05Z,LF_UNEMP_PCT,download,d2e8,Mozilla/5.0 (Linux; Android 14) Chrome/128,200
2026-09-01T11:00:00Z,EX-HBS-2021,view,e5f1,Googlebot/2.1 (+http://www.google.com/bot.html),200
2026-09-01T11:00:01Z,EX-LFS,view,e5f1,Googlebot/2.1 (+http://www.google.com/bot.html),200
2026-09-01T11:00:02Z,LF_UNEMP_PCT,view,e5f1,Googlebot/2.1 (+http://www.google.com/bot.html),200
2026-09-02T14:22:10Z,EX-LFS,view,f6a9,Mozilla/5.0 (Windows NT 10.0) Firefox/130,200
2026-09-02T14:23:40Z,EX-LFS,download,f6a9,Mozilla/5.0 (Windows NT 10.0) Firefox/130,200
2026-09-02T14:24:01Z,EX-LFS,download,f6a9,Mozilla/5.0 (Windows NT 10.0) Firefox/130,200
2026-09-02T15:05:00Z,EX-LFS,download,a1f3,Mozilla/5.0 (Windows NT 10.0) Chrome/128,200
2026-09-02T16:30:00Z,FS_UNDERNOURISH_PCT,view,b7c2,Mozilla/5.0 (Macintosh) Safari/17,200
2026-09-02T16:31:12Z,FS_UNDERNOURISH_PCT,download,b7c2,Mozilla/5.0 (Macintosh) Safari/17,200
2026-09-02T17:00:00Z,EX-HBS-2021,download,g8b3,curl/8.4.0,200
2026-09-02T17:00:05Z,EX-HBS-2021,download,g8b3,curl/8.4.0,200
2026-09-02T18:10:00Z,LF_UNEMP_PCT,api,h1c7,ai4data-agent/0.3 (+https://stats.example.org/agent),200
2026-09-02T18:10:30Z,LF_UNEMP_PCT,api,h1c7,ai4data-agent/0.3 (+https://stats.example.org/agent),200
2026-09-03T08:00:00Z,EX-CEN-2014,view,i3d2,Mozilla/5.0 (X11; Linux) Chrome/127,200
2026-09-03T08:00:45Z,EX-CEN-2014,download,i3d2,Mozilla/5.0 (X11; Linux) Chrome/127,404
2026-09-03T09:12:00Z,EX-HBS-2021,view,j4e6,bingbot/2.0; +http://www.bing.com/bingbot.htm,200
2026-09-03T10:00:00Z,EX-HBS-2021,view,k5f0,Mozilla/5.0 (iPhone) Safari/17,200
2026-09-03T10:00:20Z,EX-HBS-2021,view,k5f0,Mozilla/5.0 (iPhone) Safari/17,200
2026-09-03T11:30:00Z,FS_UNDERNOURISH_PCT,api,l6a4,python-requests/2.32,200
2026-10-01T09:00:00Z,EX-HBS-2021,download,m7b8,Mozilla/5.0 (Windows NT 10.0) Edge/128,200
2026-10-01T09:30:00Z,EX-LFS,download,m7b8,Mozilla/5.0 (Windows NT 10.0) Edge/128,200
