document_id,stage,status,updated
EX-REP-2025-03,text,done,2026-09-02
EX-REP-2025-03,layout,done,2026-09-02
EX-REP-2025-03,extract,done,2026-09-03
EX-REP-2025-03,verify,failed,2026-09-04
EX-REP-2024-03,text,done,2026-09-02
EX-REP-2025-01,text,done,2026-09-02
EX-REP-2025-01,layout,done,2026-09-05
EX-BUL-2025-06,text,done,2026-08-20
EX-BUL-2025-06,layout,done,2026-08-20
EX-BUL-2025-06,extract,done,2026-08-21
EX-BUL-2025-06,verify,done,2026-08-22
EX-BUL-2025-06,publish,done,2026-08-25
EX-MET-2021-02,text,done,2026-08-20
EX-MET-2021-02,layout,done,2026-08-20
EX-MET-2021-02,extract,done,2026-08-21
EX-MET-2021-02,verify,done,2026-08-22
EX-MET-2021-02,publish,done,2026-08-25
EX-CEN-2014-01,text,failed,2026-09-06
