document_id,page,bbox,class,title,row,column,value,unit,status
EX-REP-2024-03,22,0.08 0.20 0.92 0.50,Table,"Table 3.1 Prevalence of undernourishment by region, 2021-2023",Northern Region,2021,10.4,% of population,verified
EX-REP-2024-03,22,0.08 0.20 0.92 0.50,Table,"Table 3.1 Prevalence of undernourishment by region, 2021-2023",Northern Region,2022,9.9,% of population,verified
EX-REP-2024-03,22,0.08 0.20 0.92 0.50,Table,"Table 3.1 Prevalence of undernourishment by region, 2021-2023",Northern Region,2023,9.7,% of population,verified
EX-REP-2024-03,22,0.08 0.20 0.92 0.50,Table,"Table 3.1 Prevalence of undernourishment by region, 2021-2023",Central Region,2021,7.1,% of population,verified
EX-REP-2024-03,22,0.08 0.20 0.92 0.50,Table,"Table 3.1 Prevalence of undernourishment by region, 2021-2023",Central Region,2022,6.8,% of population,verified
EX-REP-2024-03,22,0.08 0.20 0.92 0.50,Table,"Table 3.1 Prevalence of undernourishment by region, 2021-2023",Central Region,2023,6.6,% of population,verified
EX-REP-2024-03,22,0.08 0.20 0.92 0.50,Table,"Table 3.1 Prevalence of undernourishment by region, 2021-2023",Total,2021,8.5,% of population,verified
EX-REP-2024-03,22,0.08 0.20 0.92 0.50,Table,"Table 3.1 Prevalence of undernourishment by region, 2021-2023",Total,2022,8.1,% of population,verified
EX-REP-2024-03,22,0.08 0.20 0.92 0.50,Table,"Table 3.1 Prevalence of undernourishment by region, 2021-2023",Total,2023,7.9,% of population,verified
