record_id,split
r0001,train
r0002,train
r0003,test
r0004,test
r0005,train
r0006,train
r0007,test
r0008,test
r0009,test
r0010,test
r0011,test
r0012,test
r0013,train
r0014,train
r0015,train
r0016,train
r0017,train
r0018,train
r0019,train
r0020,train
r0021,train
r0022,train
r0023,train
r0024,train
r0025,train
r0026,train
r0027,train
r0028,validation
r0029,validation
r0030,validation
r0031,train
r0032,test
r0033,test
r0034,train
r0035,train
r0036,train
r0037,train
r0038,train
r0039,test
r0040,test
r0041,test
r0042,train
r0043,train
r0044,train
r0045,train
r0046,validation
r0047,train
r0048,test
r0049,test
r0050,test
r0051,train
r0052,validation
r0053,validation
r0054,train
r0055,train
r0056,train
r0057,train
r0058,train
r0059,train
r0060,train
r0061,train
r0062,train
r0063,train
r0064,train
r0065,train
r0066,train
r0067,test
r0068,test
r0069,train
r0070,train
r0071,train
r0072,train
r0073,train
r0074,train
r0075,train
r0076,test
r0077,test
r0078,train
r0079,train
r0080,train
r0081,train
r0082,train
r0083,train
r0084,train
r0085,train
r0086,test
r0087,test
r0088,train
r0089,train
r0090,train
r0091,train
r0092,train
r0093,train
r0094,train
r0095,test
r0096,validation
r0097,validation
r0098,validation
r0099,train
r0100,train
r0101,train
r0102,train
r0103,train
r0104,train
r0105,train
r0106,train
r0107,train
r0108,test
r0109,test
r0110,validation
r0111,train
r0112,train
r0113,validation
r0114,validation
r0115,train
r0116,train
r0117,train
r0118,train
r0119,train
r0120,train
r0121,train
r0122,train
r0123,train
r0124,test
r0125,test
r0126,test
r0127,train
r0128,train
r0129,train
r0130,test
r0131,test
r0132,train
r0133,test
r0134,validation
r0135,validation
r0136,train
r0137,train
r0138,train
r0139,train
r0140,train
r0141,train
r0142,train
r0143,train
r0144,train
r0145,train
r0146,train
r0147,train
r0148,train
r0149,train
r0150,train
r0151,train
r0152,train
r0153,train
r0154,validation
r0155,validation
r0156,validation
r0157,train
r0158,train
r0159,train
r0160,train
r0161,train
r0162,train
r0163,train
r0164,test
r0165,test
r0166,test
r0167,train
r0168,test
r0169,test
r0170,train
r0171,train
r0172,train
r0173,train
r0174,test
r0175,test
r0176,train
r0177,train
r0178,train
r0179,train
r0180,test
r0181,train
r0182,train
r0183,train
r0184,train
r0185,test
r0186,test
r0187,train
r0188,train
r0189,train
r0190,train
r0191,train
r0192,train
r0193,test
r0194,test
r0195,train
r0196,train
r0197,train
r0198,train
r0199,train
r0200,train
r0201,train
r0202,train
r0203,train
r0204,train
r0205,train
r0206,train
r0207,train
r0208,test
r0209,test
r0210,test
r0211,train
r0212,train
r0213,train
r0214,train
r0215,train
r0216,train
r0217,train
r0218,test
r0219,test
r0220,train
r0221,train
r0222,train
r0223,train
r0224,train
r0225,train
r0226,train
r0227,test
r0228,train
r0229,train
r0230,train
r0231,test
r0232,test
r0233,train
r0234,train
r0235,train
r0236,train
r0237,train
r0238,train
r0239,train
r0240,train
r0241,train
r0242,train
r0243,train
r0244,train
r0245,train
r0246,validation
r0247,train
r0248,train
r0249,train
r0250,train
r0251,train
r0252,train
r0253,train
r0254,train
r0255,validation
r0256,train
r0257,test
r0258,test
r0259,train
r0260,train
r0261,train
r0262,train
r0263,train
r0264,train
r0265,train
r0266,test
r0267,validation
r0268,validation
r0269,validation
r0270,test
r0271,test
r0272,train
r0273,train
r0274,test
r0275,train
r0276,train
r0277,train
r0278,test
r0279,test
r0280,test
r0281,test
r0282,train
r0283,train
r0284,train
r0285,train
r0286,train
r0287,train
r0288,train
r0289,train
r0290,train
r0291,train
r0292,train
r0293,train
r0294,train
r0295,train
r0296,train
r0297,train
r0298,train
r0299,train
r0300,train
r0301,train
r0302,train
r0303,train
r0304,train
r0305,validation
r0306,validation
r0307,train
r0308,train
r0309,train
r0310,validation
r0311,train
r0312,train
r0313,train
r0314,train
r0315,train
r0316,validation
r0317,train
r0318,validation
r0319,validation
r0320,test
r0321,train
r0322,train
r0323,validation
r0324,validation
r0325,train
r0326,train
r0327,train
r0328,train
r0329,validation
r0330,validation
r0331,train
r0332,train
r0333,train
r0334,train
r0335,train
r0336,test
r0337,test
r0338,test
r0339,train
r0340,train
r0341,train
r0342,validation
r0343,validation
r0344,validation
r0345,validation
r0346,validation
r0347,train
r0348,train
r0349,test
r0350,train
r0351,test
r0352,test
r0353,train
r0354,train
r0355,validation
r0356,train
r0357,train
r0358,train
r0359,test
r0360,test
r0361,train
r0362,train
r0363,train
r0364,train
r0365,train
r0366,train
r0367,train
r0368,train
r0369,train
r0370,train
r0371,train
r0372,train
r0373,train
r0374,validation
r0375,validation
r0376,validation
r0377,train
r0378,train
r0379,test
r0380,test
r0381,train
r0382,train
r0383,train
r0384,train
r0385,train
r0386,test
r0387,test
r0388,test
r0389,train
r0390,train
r0391,train
r0392,train
r0393,train
r0394,train
r0395,test
r0396,train
r0397,test
r0398,train
r0399,train
r0400,train
r0401,train
r0402,train
r0403,train
r0404,train
r0405,train
r0406,validation
r0407,train
r0408,train
r0409,train
r0410,train
r0411,train
r0412,train
r0413,train
r0414,train
r0415,train
r0416,train
r0417,train
r0418,train
r0419,train
r0420,train
r0421,train
r0422,train
r0423,train
r0424,train
r0425,train
r0426,train
r0427,validation
r0428,validation
r0429,validation
r0430,validation
r0431,train
r0432,train
r0433,train
r0434,train
r0435,train
r0436,validation
r0437,validation
r0438,test
r0439,test
r0440,test
r0441,test
r0442,test
r0443,train
r0444,train
r0445,test
r0446,test
r0447,train
r0448,train
r0449,train
r0450,train
r0451,test
r0452,test
r0453,train
r0454,train
r0455,train
r0456,test
r0457,test
r0458,test
r0459,test
r0460,train
r0461,train
r0462,train
r0463,train
r0464,train
r0465,train
r0466,train
r0467,train
r0468,train
r0469,train
r0470,train
r0471,train
r0472,test
r0473,test
r0474,test
r0475,train
r0476,train
r0477,train
r0478,train
r0479,train
r0480,validation
r0481,validation
r0482,validation
r0483,validation
r0484,validation
r0485,test
r0486,test
r0487,train
r0488,train
r0489,train
r0490,train
r0491,train
r0492,train
r0493,test
r0494,test
r0495,test
r0496,validation
r0497,train
r0498,train
r0499,test
r0500,train
r0501,train
r0502,train
r0503,train
r0504,train
r0505,train
r0506,train
r0507,train
r0508,train
r0509,train
r0510,train
r0511,train
r0512,train
r0513,train
r0514,train
r0515,train
r0516,train
r0517,train
r0518,train
r0519,train
r0520,train
r0521,train
r0522,train
r0523,train
r0524,train
r0525,train
r0526,train
r0527,train
r0528,train
r0529,train
r0530,train
r0531,train
r0532,train
r0533,train
r0534,train
r0535,train
r0536,train
r0537,train
r0538,train
r0539,train
r0540,train
r0541,train
r0542,train
r0543,train
r0544,train
r0545,train
r0546,train
r0547,train
r0548,train
r0549,test
r0550,test
r0551,train
r0552,train
r0553,test
r0554,test
r0555,test
r0556,train
r0557,train
r0558,train
r0559,train
r0560,train
r0561,train
r0562,train
r0563,train
r0564,train
r0565,train
r0566,train
r0567,train
r0568,train
r0569,validation
r0570,train
r0571,train
r0572,test
r0573,validation
r0574,validation
r0575,validation
r0576,train
r0577,train
r0578,train
r0579,train
r0580,train
r0581,test
r0582,test
r0583,test
r0584,test
r0585,train
r0586,train
r0587,train
r0588,train
r0589,train
r0590,train
r0591,train
r0592,train
r0593,train
r0594,train
r0595,train
r0596,train
r0597,train
r0598,train
r0599,train
r0600,train
